Workbook

Sheet School Copy (print)
A1: OSHC SERVICE STATISTICS - MAHOGANY RISE PRIMARY SCHOOL
A3: 6 MONTH REPORT | G3: DATE RANGE: 01/01/2026 - 30/06/2026
A5: AVERAGE USAGE PER DAY | L5: AVERAGE HOLIDAY PROGRAM USAGE BY DAY
H7: BEFORE SCHOOL | I7: AFTER SCHOOL | J7: PUPIL FREE DAY
G8: MONDAY | H8: ='OSHC Data'!B14 -> 5 | I8: ='OSHC Data'!B13 -> 7.8 | J8: ='OSHC Data'!B15 -> 0 | R8: MONDAY | S8: =(O24+O25+O26+O27+O28+O29+O30+O31)/6 -> 9.6666667
G9: TUESDAY | H9: ='OSHC Data'!C14 -> 6 | I9: ='OSHC Data'!C13 -> 7.6 | J9: ='OSHC Data'!C15 -> 0 | R9: TUESDAY | S9: =(P24+P25+P26+P27+P28+P29+P30+P31)/7 -> 9.4285714
G10: WEDNESDAY | H10: ='OSHC Data'!D14 -> 6.7 | I10: ='OSHC Data'!D13 -> 9.6 | J10: ='OSHC Data'!D15 -> 11 | R10: WEDNESDAY | S10: =(Q24+Q25+Q26+Q27+Q28+Q29+Q30+Q31)/8 -> 7.5
G11: THURSDAY | H11: ='OSHC Data'!E14 -> 8.2 | I11: ='OSHC Data'!E13 -> 10.5 | J11: ='OSHC Data'!E15 -> 0 | R11: THURSDAY | S11: =(R24+R25+R26+R27+R28+R29+R30+R31)/7 -> 7.8571429
G12: FRIDAY | H12: ='OSHC Data'!F14 -> 6.6 | I12: ='OSHC Data'!F13 -> 7 | J12: ='OSHC Data'!F15 -> 11 | R12: FRIDAY | S12: =(S24+S25+S26+S27+S28+S29+S30+S31)/7 -> 8.7142857
G14: Average | H14: =AVERAGE(H8:H12) -> 6.5 | I14: =AVERAGE(I8:I12) -> 8.5 | J14: 11
A21: AVERAGE USAGE BY WEEK | L21: HOLIDAY PROGRAM DATA PER DAY
H23: BEFORE SCHOOL | I23: AFTER SCHOOL | J23: PUPIL FREE DAY | O23: MONDAY | P23: TUESDAY | Q23: WEDNESDAY | R23: THURSDAY | S23: FRIDAY
G24: WEEK 1 | H24: ='OSHC Data'!B22 -> 1.8 | I24: ='OSHC Data'!B21 -> 4.6 | J24: ='OSHC Data'!B23 -> 0 | N24: ='VAC Average'!A6 -> 46033 | O24: ='VAC Average'!B6 -> 8 | P24: ='VAC Average'!C6 -> 6 | Q24: ='VAC Average'!D6 -> 7 | R24: ='VAC Average'!E6 -> 6 | S24: ='VAC Average'!F6 -> 7
G25: WEEK 2 | H25: ='OSHC Data'!C22 -> 4.2 | I25: ='OSHC Data'!C21 -> 7.6 | J25: ='OSHC Data'!C23 -> 0 | N25: ='VAC Average'!A7 -> 46040 | O25: ='VAC Average'!B7 -> 7 | P25: ='VAC Average'!C7 -> 7 | Q25: ='VAC Average'!D7 -> 9 | R25: ='VAC Average'!E7 -> 8 | S25: ='VAC Average'!F7 -> 8
G26: WEEK 3 | H26: ='OSHC Data'!D22 -> 7.2 | I26: ='OSHC Data'!D21 -> 7.6 | J26: ='OSHC Data'!B25 -> 0 | N26: ='VAC Average'!A8 -> 46047 | O26: ='VAC Average'!B8 -> 10 | P26: ='VAC Average'!C8 -> 9 | Q26: ='VAC Average'!D8 -> 11 | R26: ='VAC Average'!E8 -> 9 | S26: ='VAC Average'!F8 -> 10
G27: WEEK 4 | H27: ='OSHC Data'!E22 -> 7.6 | I27: ='OSHC Data'!E21 -> 8.2 | J27: ='OSHC Data'!C25 -> 0 | N27: ='VAC Average'!A9 -> 46054 | O27: ='VAC Average'!B9 -> 0 | P27: ='VAC Average'!C9 -> 5 | Q27: ='VAC Average'!D9 -> 0 | R27: ='VAC Average'!E9 -> 0 | S27: ='VAC Average'!F9 -> 0
G28: WEEK 5 | H28: ='OSHC Data'!F22 -> 7 | I28: ='OSHC Data'!F21 -> 9 | J28: ='OSHC Data'!B27 -> 0 | N28: ='VAC Average'!A10 -> 46124 | O28: ='VAC Average'!B10 -> 0 | P28: ='VAC Average'!C10 -> 7 | Q28: ='VAC Average'!D10 -> 6 | R28: ='VAC Average'!E10 -> 10 | S28: ='VAC Average'!F10 -> 9
G29: WEEK 6 | H29: ='OSHC Data'!G22 -> 6.2 | I29: ='OSHC Data'!G21 -> 8.8 | J29: 11 | N29: ='VAC Average'!A11 -> 46131 | O29: ='VAC Average'!B11 -> 8 | P29: ='VAC Average'!C11 -> 8 | Q29: ='VAC Average'!D11 -> 9 | R29: ='VAC Average'!E11 -> 7 | S29: ='VAC Average'!F11 -> 9
G30: WEEK 7 | H30: ='OSHC Data'!H22 -> 7.2 | I30: ='OSHC Data'!H21 -> 9 | J30: ='OSHC Data'!B29 -> 0 | N30: ='VAC Average'!A12 -> 46202 | O30: ='VAC Average'!B12 -> 9 | P30: ='VAC Average'!C12 -> 14 | Q30: ='VAC Average'!D12 -> 9 | R30: ='VAC Average'!E12 -> 6 | S30: ='VAC Average'!F12 -> 11
G31: WEEK 8 | H31: ='OSHC Data'!I22 -> 9 | I31: ='OSHC Data'!I21 -> 10.4 | J31: ='OSHC Data'!C29 -> 0 | N31: ='VAC Average'!A13 -> 46215 | O31: ='VAC Average'!B13 -> 16 | P31: ='VAC Average'!C13 -> 10 | Q31: ='VAC Average'!D13 -> 9 | R31: ='VAC Average'!E13 -> 9 | S31: ='VAC Average'!F13 -> 7
G32: WEEK 9 | H32: ='OSHC Data'!J22 -> 8.2 | I32: ='OSHC Data'!J21 -> 10.2 | J32: ='OSHC Data'!B31 -> 0
G33: WEEK 10 | H33: ='OSHC Data'!K22 -> 6.6 | I33: ='OSHC Data'!K21 -> 9.6 | J33: ='OSHC Data'!C31 -> 0
G34: WEEK 11 | H34: ='OSHC Data'!L22 -> 0 | I34: ='OSHC Data'!L21 -> 0 | J34: ='OSHC Data'!B33 -> 0
G35: WEEK 1 | H35: ='OSHC Data'!M22 -> 7.4 | I35: ='OSHC Data'!M21 -> 13 | J35: ='OSHC Data'!C33 -> 0
G36: WEEK 2 | H36: ='OSHC Data'!N22 -> 6.2 | I36: ='OSHC Data'!N21 -> 10 | J36: ='OSHC Data'!B35 -> 0
G37: WEEK 3 | H37: ='OSHC Data'!O22 -> 5.6 | I37: ='OSHC Data'!O21 -> 11 | J37: ='OSHC Data'!C35 -> 0
G38: WEEK 4 | H38: ='OSHC Data'!P22 -> 5.2 | I38: ='OSHC Data'!P21 -> 9.4 | J38: 11
G39: WEEK 5 | H39: ='OSHC Data'!Q22 -> 6.4 | I39: ='OSHC Data'!Q21 -> 12.4 | J39: ='OSHC Data'!C37 -> 0
G40: WEEK 6 | H40: ='OSHC Data'!R22 -> 7 | I40: ='OSHC Data'!R21 -> 10.4 | J40: ='OSHC Data'!B39 -> 0
G41: WEEK 7 | H41: ='OSHC Data'!S22 -> 6.2 | I41: ='OSHC Data'!T21 -> 7.2 | J41: ='OSHC Data'!C39 -> 0
G42: WEEK 8 | H42: ='OSHC Data'!T22 -> 4.6 | I42: ='OSHC Data'!T21 -> 7.2 | J42: ='OSHC Data'!B41 -> 0
G43: WEEK 9 | H43: ='OSHC Data'!U22 -> 6.4 | I43: ='OSHC Data'!U21 -> 8.4 | J43: ='OSHC Data'!C41 -> 0
G44: WEEK 10 | H44: ='OSHC Data'!V22 -> 7 | I44: ='OSHC Data'!V21 -> 11.4 | J44: 0
G45: WEEK 11 | H45: ='OSHC Data'!W22 -> 0 | I45: ='OSHC Data'!W21 -> 0 | J45: 0 | L45: Data provided by Elysium OSHC Pty Ltd for the Renewal Tender at Mahogany Rise Primary School

Sheet OSHC Data
A2: Daily Average | B2: Week 1 | G2: Week 2 | L2: Week 3 | Q2: Week 4 | V2: Week 5 | AA2: Week 6 | AF2: Week 7 | AK2: Week 8 | AP2: Week 9 | AU2: Week 10 | AZ2: Week 11 | BE2: Week 1 | BJ2: Week 2 | BO2: Week 3 | BT2: Week 4 | BY2: Week 5 | CD2: Week 6 | CI2: Week 7 | CN2: Week 8 | CS2: Week 9 | CX2: Week 10 | DC2: Week 11
B3: M | C3: T | D3: W | E3: TH | F3: F | G3: M | H3: T | I3: W | J3: TH | K3: F | L3: M | M3: T | N3: W | O3: TH | P3: F | Q3: M | R3: T | S3: W | T3: TH | U3: F | V3: M | W3: T | X3: W | Y3: TH | Z3: F | AA3: M | AB3: T | AC3: W | AD3: TH | AE3: F | AF3: M | AG3: T | AH3: W | AI3: TH | AJ3: F | AK3: M | AL3: T | AM3: W | AN3: TH | AO3: F | AP3: M | AQ3: T | AR3: W | AS3: TH | AT3: F | AU3: M | AV3: T | AW3: W | AX3: TH | AY3: F | AZ3: M | BA3: T | BB3: W | BC3: TH | BD3: F | BE3: M | BF3: T | BG3: W | BH3: TH | BI3: F | BJ3: M | BK3: T | BL3: W | BM3: TH | BN3: F | BO3: M | BP3: T | BQ3: W | BR3: TH | BS3: F | BT3: M | BU3: T | BV3: W | BW3: TH | BX3: F | BY3: M | BZ3: T | CA3: W | CB3: TH | CC3: F | CD3: M | CE3: T | CF3: W | CG3: TH | CH3: F | CI3: M | CJ3: T | CK3: W | CL3: TH | CM3: F | CN3: M | CO3: T | CP3: W | CQ3: TH | CR3: F | CS3: M | CT3: T | CU3: W | CV3: TH | CW3: F | CX3: M | CY3: T | CZ3: W | DA3: TH | DB3: F | DC3: M | DD3: T | DE3: W | DF3: TH | DG3: F
A4: Before School Care | B4: 0 | C4: 0 | D4: 2 | E4: 3 | F4: 4 | G4: 2 | H4: 3 | I4: 3 | J4: 6 | K4: 7 | L4: 7 | M4: 7 | N4: 5 | O4: 10 | P4: 7 | Q4: 8 | R4: 8 | S4: 6 | T4: 9 | U4: 7 | V4: 4 | W4: 5 | X4: 7 | Y4: 8 | Z4: 11 | AA4: 6 | AB4: 8 | AC4: 8 | AD4: 9 | AE4: 0 | AF4: 0 | AG4: 8 | AH4: 11 | AI4: 8 | AJ4: 9 | AK4: 9 | AL4: 7 | AM4: 9 | AN4: 11 | AO4: 9 | AP4: 6 | AQ4: 7 | AR4: 7 | AS4: 9 | AT4: 12 | AU4: 8 | AV4: 7 | AW4: 9 | AX4: 9 | AY4: 0 | BE4: 4 | BF4: 5 | BG4: 11 | BH4: 12 | BI4: 5 | BJ4: 5 | BK4: 7 | BL4: 5 | BM4: 6 | BN4: 8 | BO4: 4 | BP4: 9 | BQ4: 6 | BR4: 5 | BS4: 4 | BT4: 6 | BU4: 5 | BV4: 0 | BW4: 7 | BX4: 8 | BY4: 5 | BZ4: 3 | CA4: 6 | CB4: 9 | CC4: 9 | CD4: 6 | CE4: 8 | CF4: 6 | CG4: 7 | CH4: 8 | CI4: 5 | CJ4: 4 | CK4: 8 | CL4: 6 | CM4: 8 | CN4: 0 | CO4: 7 | CP4: 4 | CQ4: 6 | CR4: 6 | CS4: 6 | CT4: 4 | CU4: 6 | CV4: 8 | CW4: 8 | CX4: 6 | CY4: 5 | CZ4: 8 | DA4: 9 | DB4: 7
A5: After School Care | B5: 0 | C5: 0 | D5: 7 | E5: 8 | F5: 8 | G5: 8 | H5: 6 | I5: 6 | J5: 9 | K5: 9 | L5: 7 | M5: 6 | N5: 11 | O5: 7 | P5: 7 | Q5: 9 | R5: 8 | S5: 7 | T5: 8 | U5: 9 | V5: 11 | W5: 7 | X5: 8 | Y5: 10 | Z5: 9 | AA5: 11 | AB5: 11 | AC5: 12 | AD5: 10 | AE5: 0 | AF5: 0 | AG5: 14 | AH5: 11 | AI5: 9 | AJ5: 11 | AK5: 10 | AL5: 9 | AM5: 11 | AN5: 13 | AO5: 9 | AP5: 11 | AQ5: 4 | AR5: 11 | AS5: 17 | AT5: 8 | AU5: 11 | AV5: 11 | AW5: 12 | AX5: 14 | AY5: 0 | BE5: 13 | BF5: 9 | BG5: 20 | BH5: 15 | BI5: 8 | BJ5: 9 | BK5: 10 | BL5: 11 | BM5: 9 | BN5: 11 | BO5: 10 | BP5: 11 | BQ5: 12 | BR5: 12 | BS5: 10 | BT5: 13 | BU5: 12 | BV5: 0 | BW5: 16 | BX5: 6 | BY5: 13 | BZ5: 10 | CA5: 13 | CB5: 16 | CC5: 10 | CD5: 13 | CE5: 9 | CF5: 8 | CG5: 12 | CH5: 10 | CI5: 12 | CJ5: 6 | CK5: 7 | CL5: 15 | CM5: 11 | CN5: 0 | CO5: 12 | CP5: 10 | CQ5: 6 | CR5: 8 | CS5: 9 | CT5: 8 | CU5: 8 | CV5: 9 | CW5: 8 | CX5: 10 | CY5: 7 | CZ5: 12 | DA5: 18 | DB5: 10
A6: Pupil Free | AE6: 11 | BV6: 11
A9: Average
A10: BSC/ASC
B11: 10 | C11: Weeks (Change Formula if data is 10 Weeks)
B12: Monday | C12: Tuesday | D12: Wednesday | E12: Thursday
A13: After School Care | B13: =(B5+G5+L5+Q5+V5+AA5+AF5+AK5+AP5+AU5+AZ4)/B11 -> 7.8 | C13: =(C5+H5+M5+R5+W5+AB5+AG5+AL5+AQ5+AV5+BA4)/B11 -> 7.6 | D13: =(D5+I5+N5+S5+X5+AC5+AH5+AM5+AR5+AW5+BB4)/B11 -> 9.6 | E13: =(E5+J5+O5+T5+Y5+AD5+AI5+AN5+AS5+AX5+BC4)/B11 -> 10.5 | F13: =(F5+K5+P5+U5+Z5+AE5+AJ5+AO5+AT5+AY5+BD4)/B11 -> 7
A14: Before School Care | B14: =(B4+G4+L4+Q4+V4+AA4+AF4+AK4+AP4+AU4+AZ5)/B11 -> 5 | C14: =(C4+H4+M4+R4+W4+AB4+AG4+AL4+AQ4+AV4+BA5)/B11 -> 6 | D14: =(D4+I4+N4+S4+X4+AC4+AH4+AM4+AR4+AW4+BB5)/B11 -> 6.7 | E14: =(E4+J4+O4+T4+Y4+AD4+AI4+AN4+AS4+AX4+BC5)/B11 -> 8.2 | F14: =(F4+K4+P4+U4+Z4+AE4+AJ4+AO4+AT4+AY4+BD5)/B11 -> 6.6
A15: Pupil Free | B15: 0 | C15: 0 | D15: 11 | E15: 0 | F15: 11
B17: 1 | C17: Pupil Free Days (Change Formula if data is 2 Day)
A20: Weekly Average | B20: 1 | C20: 2 | D20: 3 | E20: 4 | F20: 5 | G20: 6 | H20: 7 | I20: 8 | J20: 9 | K20: 10 | L20: 11 | M20: 1 | N20: 2 | O20: 3 | P20: 4 | Q20: 5 | R20: 6 | S20: 7 | T20: 8 | U20: 9 | V20: 10 | W20: 11
A21: After School Care | B21: =(B5+C5+D5+E5+F5)/5 -> 4.6 | C21: =(G5+H5+I5+J5+K5)/5 -> 7.6 | D21: =(L5+M5+N5+O5+P5)/5 -> 7.6 | E21: =(Q5+R5+S5+T5+U5)/5 -> 8.2 | F21: =(V5+W5+X5+Y5+Z5)/5 -> 9 | G21: =(AA5+AB5+AC5+AD5+AE5)/5 -> 8.8 | H21: =(AF5+AG5+AH5+AI5+AJ5)/5 -> 9 | I21: =(AK5+AL5+AM5+AN5+AO5)/5 -> 10.4 | J21: =(AP5+AQ5+AR5+AS5+AT5)/5 -> 10.2 | K21: =(AU5+AV5+AW5+AX5+AY5)/5 -> 9.6 | L21: =(AZ4+BA4+BB4+BC4+BD4)/5 -> 0 | M21: =(BE5+BF5+BG5+BH5+BI5)/5 -> 13 | N21: =(BJ5+BK5+BL5+BM5+BN5)/5 -> 10 | O21: =(BO5+BP5+BQ5+BR5+BS5)/5 -> 11 | P21: =(BT5+BU5+BV5+BW5+BX5)/5 -> 9.4 | Q21: =(BY5+BZ5+CA5+CB5+CC5)/5 -> 12.4 | R21: =(CD5+CE5+CF5+CG5+CH5)/5 -> 10.4 | S21: =(CI5+CJ5+CK5+CL5+CM5)/5 -> 10.2 | T21: =(CN5+CO5+CP5+CQ5+CR5)/5 -> 7.2 | U21: =(CS5+CT5+CU5+CV5+CW5)/5 -> 8.4 | V21: =(CX5+CY5+CZ5+DA5+DB5)/5 -> 11.4 | W21: =(DC5+DD5+DE5+DF5+DG5)/5 -> 0
A22: Before School Care | B22: =(B4+C4+D4+E4+F4)/5 -> 1.8 | C22: =(G4+H4+I4+J4+K4)/5 -> 4.2 | D22: =(L4+M4+N4+O4+P4)/5 -> 7.2 | E22: =(Q4+R4+S4+T4+U4)/5 -> 7.6 | F22: =(V4+W4+X4+Y4+Z4)/5 -> 7 | G22: =(AA4+AB4+AC4+AD4+AE4)/5 -> 6.2 | H22: =(AF4+AG4+AH4+AI4+AJ4)/5 -> 7.2 | I22: =(AK4+AL4+AM4+AN4+AO4)/5 -> 9 | J22: =(AP4+AQ4+AR4+AS4+AT4)/5 -> 8.2 | K22: =(AU4+AV4+AW4+AX4+AY4)/5 -> 6.6 | L22: =(AZ5+BA5+BB5+BC5+BD5)/5 -> 0 | M22: =(BE4+BF4+BG4+BH4+BI4)/5 -> 7.4 | N22: =(BJ4+BK4+BL4+BM4+BN4)/5 -> 6.2 | O22: =(BO4+BP4+BQ4+BR4+BS4)/5 -> 5.6 | P22: =(BT4+BU4+BV4+BW4+BX4)/5 -> 5.2 | Q22: =(BY4+BZ4+CA4+CB4+CC4)/5 -> 6.4 | R22: =(CD4+CE4+CF4+CG4+CH4)/5 -> 7 | S22: =(CI4+CJ4+CK4+CL4+CM4)/5 -> 6.2 | T22: =(CN4+CO4+CP4+CQ4+CR4)/5 -> 4.6 | U22: =(CS4+CT4+CU4+CV4+CW4)/5 -> 6.4 | V22: =(CX4+CY4+CZ4+DA4+DB4)/5 -> 7 | W22: =(DC4+DD4+DE4+DF4+DG4)/5 -> 0
A23: Pupil Free | B23: =B6+C6+D6+E6+F6 -> 0 | C23: 0 | D23: 0 | E23: 0 | F23: 0 | G23: 11 | H23: 0 | I23: 0 | J23: 0 | K23: 0 | L23: 0 | M23: 0 | N23: 0 | O23: 0 | P23: 11 | Q23: 0 | R23: 0 | S23: 0 | T23: 0 | U23: 0 | V23: 0 | W23: 0

Sheet VAC Average
I3: Average
A5: Vacation Care | B5: M | C5: T | D5: W | E5: TH | F5: F | J5: Daily Average | K5: Days Operated | L5: Final Calculation
A6: 46033 | B6: 8 | C6: 6 | D6: 7 | E6: 6 | F6: 7 | I6: Week 1 | J6: ='VAC Average'!B6+'VAC Average'!C6+'VAC Average'!D6+'VAC Average'!E6+'VAC Average'!F6 -> 34 | K6: 5 | L6: =J6/K6 -> 6.8
A7: 46040 | B7: 7 | C7: 7 | D7: 9 | E7: 8 | F7: 8 | I7: Week 2 | J7: ='VAC Average'!B7+'VAC Average'!C7+'VAC Average'!D7+'VAC Average'!E7+'VAC Average'!F7 -> 39 | K7: 5 | L7: =J7/K7 -> 7.8
A8: 46047 | B8: 10 | C8: 9 | D8: 11 | E8: 9 | F8: 10 | I8: Week 3 | J8: ='VAC Average'!B8+'VAC Average'!C8+'VAC Average'!D8+'VAC Average'!E8+'VAC Average'!F8 -> 49 | K8: 5 | L8: =J8/K8 -> 9.8
A9: 46054 | B9: 0 | C9: 5 | D9: 0 | E9: 0 | F9: 0 | I9: Week 4 | J9: ='VAC Average'!B9+'VAC Average'!C9+'VAC Average'!D9+'VAC Average'!E9+'VAC Average'!F9 -> 5 | K9: 1 | L9: =J9/K9 -> 5
A10: 46124 | B10: 0 | C10: 7 | D10: 6 | E10: 10 | F10: 9 | I10: Week 5 | J10: ='VAC Average'!B10+'VAC Average'!C10+'VAC Average'!D10+'VAC Average'!E10+'VAC Average'!F10 -> 32 | K10: 4 | L10: =J10/K10 -> 8
A11: 46131 | B11: 8 | C11: 8 | D11: 9 | E11: 7 | F11: 9 | I11: Week 6 | J11: ='VAC Average'!B11+'VAC Average'!C11+'VAC Average'!D11+'VAC Average'!E11+'VAC Average'!F11 -> 41 | K11: 5 | L11: =J11/K11 -> 8.2
A12: 46202 | B12: 9 | C12: 14 | D12: 9 | E12: 6 | F12: 11 | I12: Week 7 | J12: ='VAC Average'!B12+'VAC Average'!C12+'VAC Average'!D12+'VAC Average'!E12+'VAC Average'!F12 -> 49 | K12: 5 | L12: =J12/K12 -> 9.8
A13: 46215 | B13: 16 | C13: 10 | D13: 9 | E13: 9 | F13: 7 | I13: Week 8 | J13: ='VAC Average'!B13+'VAC Average'!C13+'VAC Average'!D13+'VAC Average'!E13+'VAC Average'!F13 -> 51 | K13: 5 | L13: =J13/K13 -> 10.2
I14: Week 9 | J14: ='OSHC Data'!B30+'OSHC Data'!C30+'OSHC Data'!D30+'OSHC Data'!E30+'OSHC Data'!F30 -> 0 | K14: 0 | L14: =J14/K14 -> #DIV/0!
I15: Week 10 | J15: ='OSHC Data'!B31+'OSHC Data'!C31+'OSHC Data'!D31+'OSHC Data'!E31+'OSHC Data'!F31 -> 0 | K15: 0 | L15: =J15/K15 -> #DIV/0!
I16: Week 11 | J16: ='OSHC Data'!B32+'OSHC Data'!C32+'OSHC Data'!D32+'OSHC Data'!E32+'OSHC Data'!F32 -> 0 | K16: 0 | L16: =J16/K16 -> #DIV/0!
I17: Week 12 | J17: ='OSHC Data'!B9+'OSHC Data'!C9+'OSHC Data'!D9+'OSHC Data'!E9+'OSHC Data'!F9 -> 0 | K17: 0 | L17: =J17/K17 -> #DIV/0!
